"margin_bucket","games","home_wins","away_wins","home_win_rate","away_win_rate"
"1_run",103,61,42,0.592233009708738,0.407766990291262
"2_3_runs",101,52,49,0.514851485148515,0.485148514851485
